Birds,ANIMALIA,CHORDATA,AVES,ACCIPITRIFORMES,ACCIPITRIDAE,Accipiter,badius,No,VU,Unknown
Birds,ANIMALIA,CHORDATA,AVES,ACCIPITRIFORMES,ACCIPITRIDAE,Accipiter,brevipes,No,LC,Unknown
Birds,ANIMALIA,CHORDATA,AVES,ACCIPITRIFORMES,ACCIPITRIDAE,Accipiter,gentilis,No,LC,Decreasing
Birds,ANIMALIA,CHORDATA,AVES,ACCIPITRIFORMES,ACCIPITRIDAE,Accipiter,nisus,No,LC,Stable
Birds,ANIMALIA,CHORDATA,AVES,ACCIPITRIFORMES,ACCIPITRIDAE,Aegypius,monachus,No,LC,Increasing
Birds,ANIMALIA,CHORDATA,AVES,ACCIPITRIFORMES,ACCIPITRIDAE,Aquila,adalberti,Yes,VU,Increasing
Birds,ANIMALIA,CHORDATA,AVES,ACCIPITRIFORMES,ACCIPITRIDAE,Aquila,chrysaetos,No,LC,Increasing
Birds,ANIMALIA,CHORDATA,AVES,ACCIPITRIFORMES,ACCIPITRIDAE,Aquila,fasciata,No,NT,Stable
Birds,ANIMALIA,CHORDATA,AVES,ACCIPITRIFORMES,ACCIPITRIDAE,Aquila,heliaca,No,LC,Increasing
Birds,ANIMALIA,CHORDATA,AVES,ACCIPITRIFORMES,ACCIPITRIDAE,Aquila,nipalensis,No,CR,Decreasing
Birds,ANIMALIA,CHORDATA,AVES,ACCIPITRIFORMES,ACCIPITRIDAE,Buteo,buteo,No,LC,Stable
Birds,ANIMALIA,CHORDATA,AVES,ACCIPITRIFORMES,ACCIPITRIDAE,Buteo,lagopus,No,LC,Stable
Birds,ANIMALIA,CHORDATA,AVES,ACCIPITRIFORMES,ACCIPITRIDAE,Buteo,rufinus,No,LC,Increasing
Birds,ANIMALIA,CHORDATA,AVES,ACCIPITRIFORMES,ACCIPITRIDAE,Circaetus,gallicus,No,LC,Stable
Birds,ANIMALIA,CHORDATA,AVES,ACCIPITRIFORMES,ACCIPITRIDAE,Circus,aeruginosus,No,LC,Increasing
Birds,ANIMALIA,CHORDATA,AVES,ACCIPITRIFORMES,ACCIPITRIDAE,Circus,cyaneus,No,NT,Decreasing
Birds,ANIMALIA,CHORDATA,AVES,ACCIPITRIFORMES,ACCIPITRIDAE,Circus,macrourus,No,NT,Unknown
Birds,ANIMALIA,CHORDATA,AVES,ACCIPITRIFORMES,ACCIPITRIDAE,Circus,pygargus,No,LC,Unknown
Birds,ANIMALIA,CHORDATA,AVES,ACCIPITRIFORMES,ACCIPITRIDAE,Clanga,clanga,No,EN,Decreasing
Birds,ANIMALIA,CHORDATA,AVES,ACCIPITRIFORMES,ACCIPITRIDAE,Clanga,pomarina,No,LC,Stable
Birds,ANIMALIA,CHORDATA,AVES,ACCIPITRIFORMES,ACCIPITRIDAE,Elanus,caeruleus,No,LC,Increasing
Birds,ANIMALIA,CHORDATA,AVES,ACCIPITRIFORMES,ACCIPITRIDAE,Gypaetus,barbatus,No,VU,Decreasing
Birds,ANIMALIA,CHORDATA,AVES,ACCIPITRIFORMES,ACCIPITRIDAE,Gyps,fulvus,No,LC,Increasing
Birds,ANIMALIA,CHORDATA,AVES,ACCIPITRIFORMES,ACCIPITRIDAE,Haliaeetus,albicilla,No,LC,Increasing
Birds,ANIMALIA,CHORDATA,AVES,ACCIPITRIFORMES,ACCIPITRIDAE,Hieraaetus,pennatus,No,LC,Increasing
Birds,ANIMALIA,CHORDATA,AVES,ACCIPITRIFORMES,ACCIPITRIDAE,Milvus,migrans,No,LC,Unknown
Birds,ANIMALIA,CHORDATA,AVES,ACCIPITRIFORMES,ACCIPITRIDAE,Milvus,milvus,No,NT,Decreasing
Birds,ANIMALIA,CHORDATA,AVES,ACCIPITRIFORMES,ACCIPITRIDAE,Neophron,percnopterus,No,EN,Decreasing
Birds,ANIMALIA,CHORDATA,AVES,ACCIPITRIFORMES,ACCIPITRIDAE,Pernis,apivorus,No,LC,Decreasing
Birds,ANIMALIA,CHORDATA,AVES,ACCIPITRIFORMES,PANDIONIDAE,Pandion,haliaetus,No,LC,Increasing
Birds,ANIMALIA,CHORDATA,AVES,ANSERIFORMES,ANATIDAE,Anas,acuta,No,LC,Decreasing
Birds,ANIMALIA,CHORDATA,AVES,ANSERIFORMES,ANATIDAE,Anas,crecca,No,LC,Unknown
Birds,ANIMALIA,CHORDATA,AVES,ANSERIFORMES,ANATIDAE,Anas,platyrhynchos,No,LC,Stable
Birds,ANIMALIA,CHORDATA,AVES,ANSERIFORMES,ANATIDAE,Anser,albifrons,No,LC,Stable
Birds,ANIMALIA,CHORDATA,AVES,ANSERIFORMES,ANATIDAE,Anser,anser,No,LC,Increasing
Birds,ANIMALIA,CHORDATA,AVES,ANSERIFORMES,ANATIDAE,Anser,brachyrhynchus,Yes,LC,Increasing
Birds,ANIMALIA,CHORDATA,AVES,ANSERIFORMES,ANATIDAE,Anser,caerulescens,No,LC,Increasing
Birds,ANIMALIA,CHORDATA,AVES,ANSERIFORMES,ANATIDAE,Anser,erythropus,No,EN,Decreasing
Birds,ANIMALIA,CHORDATA,AVES,ANSERIFORMES,ANATIDAE,Anser,fabalis,No,LC,Stable
Birds,ANIMALIA,CHORDATA,AVES,ANSERIFORMES,ANATIDAE,Aythya,ferina,No,VU,Decreasing
Birds,ANIMALIA,CHORDATA,AVES,ANSERIFORMES,ANATIDAE,Aythya,fuligula,No,LC,Stable
Birds,ANIMALIA,CHORDATA,AVES,ANSERIFORMES,ANATIDAE,Aythya,marila,No,VU,Stable
Birds,ANIMALIA,CHORDATA,AVES,ANSERIFORMES,ANATIDAE,Aythya,nyroca,No,LC,Unknown
Birds,ANIMALIA,CHORDATA,AVES,ANSERIFORMES,ANATIDAE,Branta,bernicla,No,LC,Unknown
Birds,ANIMALIA,CHORDATA,AVES,ANSERIFORMES,ANATIDAE,Branta,canadensis,No,LC,Increasing
Birds,ANIMALIA,CHORDATA,AVES,ANSERIFORMES,ANATIDAE,Branta,leucopsis,Yes,LC,Increasing
Birds,ANIMALIA,CHORDATA,AVES,ANSERIFORMES,ANATIDAE,Branta,ruficollis,No,NT,Decreasing
Birds,ANIMALIA,CHORDATA,AVES,ANSERIFORMES,ANATIDAE,Bucephala,clangula,No,LC,Stable
Birds,ANIMALIA,CHORDATA,AVES,ANSERIFORMES,ANATIDAE,Bucephala,islandica,No,NT,Unknown
Birds,ANIMALIA,CHORDATA,AVES,ANSERIFORMES,ANATIDAE,Clangula,hyemalis,No,VU,Decreasing
Birds,ANIMALIA,CHORDATA,AVES,ANSERIFORMES,ANATIDAE,Cygnus,columbianus,No,EN,Decreasing
Birds,ANIMALIA,CHORDATA,AVES,ANSERIFORMES,ANATIDAE,Cygnus,cygnus,No,LC,Increasing
Birds,ANIMALIA,CHORDATA,AVES,ANSERIFORMES,ANATIDAE,Cygnus,olor,No,LC,Increasing
Birds,ANIMALIA,CHORDATA,AVES,ANSERIFORMES,ANATIDAE,Histrionicus,histrionicus,No,LC,Unknown
Birds,ANIMALIA,CHORDATA,AVES,ANSERIFORMES,ANATIDAE,Mareca,penelope,No,LC,Stable
Birds,ANIMALIA,CHORDATA,AVES,ANSERIFORMES,ANATIDAE,Mareca,strepera,No,LC,Increasing
Birds,ANIMALIA,CHORDATA,AVES,ANSERIFORMES,ANATIDAE,Marmaronetta,angustirostris,No,VU,Decreasing
Birds,ANIMALIA,CHORDATA,AVES,ANSERIFORMES,ANATIDAE,Melanitta,fusca,No,VU,Stable
Birds,ANIMALIA,CHORDATA,AVES,ANSERIFORMES,ANATIDAE,Melanitta,nigra,No,LC,Unknown
Birds,ANIMALIA,CHORDATA,AVES,ANSERIFORMES,ANATIDAE,Mergellus,albellus,No,LC,Increasing
Birds,ANIMALIA,CHORDATA,AVES,ANSERIFORMES,ANATIDAE,Mergus,merganser,No,LC,Stable
Birds,ANIMALIA,CHORDATA,AVES,ANSERIFORMES,ANATIDAE,Mergus,serrator,No,NT,Decreasing
Birds,ANIMALIA,CHORDATA,AVES,ANSERIFORMES,ANATIDAE,Netta,rufina,No,LC,Unknown
Birds,ANIMALIA,CHORDATA,AVES,ANSERIFORMES,ANATIDAE,Oxyura,leucocephala,No,EN,Decreasing
Birds,ANIMALIA,CHORDATA,AVES,ANSERIFORMES,ANATIDAE,Polysticta,stelleri,No,LC,Stable
Birds,ANIMALIA,CHORDATA,AVES,ANSERIFORMES,ANATIDAE,Somateria,mollissima,No,VU,Decreasing
Birds,ANIMALIA,CHORDATA,AVES,ANSERIFORMES,ANATIDAE,Somateria,spectabilis,No,LC,Unknown
Birds,ANIMALIA,CHORDATA,AVES,ANSERIFORMES,ANATIDAE,Spatula,clypeata,No,LC,Stable
Birds,ANIMALIA,CHORDATA,AVES,ANSERIFORMES,ANATIDAE,Spatula,querquedula,No,LC,Decreasing
Birds,ANIMALIA,CHORDATA,AVES,ANSERIFORMES,ANATIDAE,Tadorna,ferruginea,No,LC,Unknown
Birds,ANIMALIA,CHORDATA,AVES,ANSERIFORMES,ANATIDAE,Tadorna,tadorna,No,LC,Increasing
Birds,ANIMALIA,CHORDATA,AVES,BUCEROTIFORMES,UPUPIDAE,Upupa,epops,No,LC,Stable
Birds,ANIMALIA,CHORDATA,AVES,CAPRIMULGIFORMES,APODIDAE,Apus,affinis,No,VU,Decreasing
Birds,ANIMALIA,CHORDATA,AVES,CAPRIMULGIFORMES,APODIDAE,Apus,apus,No,LC,Decreasing
Birds,ANIMALIA,CHORDATA,AVES,CAPRIMULGIFORMES,APODIDAE,Apus,caffer,No,NT,Unknown
Birds,ANIMALIA,CHORDATA,AVES,CAPRIMULGIFORMES,APODIDAE,Apus,pallidus,No,LC,Stable
Birds,ANIMALIA,CHORDATA,AVES,CAPRIMULGIFORMES,APODIDAE,Apus,unicolor,Yes,LC,Unknown
Birds,ANIMALIA,CHORDATA,AVES,CAPRIMULGIFORMES,APODIDAE,Tachymarptis,melba,No,LC,Stable
Birds,ANIMALIA,CHORDATA,AVES,CAPRIMULGIFORMES,CAPRIMULGIDAE,Caprimulgus,europaeus,No,LC,Stable
Birds,ANIMALIA,CHORDATA,AVES,CAPRIMULGIFORMES,CAPRIMULGIDAE,Caprimulgus,ruficollis,No,LC,Decreasing
Birds,ANIMALIA,CHORDATA,AVES,CHARADRIIFORMES,ALCIDAE,Alca,torda,No,NT,Decreasing
Birds,ANIMALIA,CHORDATA,AVES,CHARADRIIFORMES,ALCIDAE,Alle,alle,No,LC,Unknown
Birds,ANIMALIA,CHORDATA,AVES,CHARADRIIFORMES,ALCIDAE,Cepphus,grylle,No,LC,Decreasing
Birds,ANIMALIA,CHORDATA,AVES,CHARADRIIFORMES,ALCIDAE,Fratercula,arctica,No,EN,Decreasing
Birds,ANIMALIA,CHORDATA,AVES,CHARADRIIFORMES,ALCIDAE,Pinguinus,impennis,No,EX,
Birds,ANIMALIA,CHORDATA,AVES,CHARADRIIFORMES,ALCIDAE,Uria,aalge,No,NT,Decreasing
Birds,ANIMALIA,CHORDATA,AVES,CHARADRIIFORMES,ALCIDAE,Uria,lomvia,No,LC,Unknown
Birds,ANIMALIA,CHORDATA,AVES,CHARADRIIFORMES,BURHINIDAE,Burhinus,oedicnemus,No,LC,Increasing
Birds,ANIMALIA,CHORDATA,AVES,CHARADRIIFORMES,CHARADRIIDAE,Charadrius,alexandrinus,No,LC,Decreasing
Birds,ANIMALIA,CHORDATA,AVES,CHARADRIIFORMES,CHARADRIIDAE,Charadrius,asiaticus,No,RE,Decreasing
Birds,ANIMALIA,CHORDATA,AVES,CHARADRIIFORMES,CHARADRIIDAE,Charadrius,dubius,No,LC,Decreasing
Birds,ANIMALIA,CHORDATA,AVES,CHARADRIIFORMES,CHARADRIIDAE,Charadrius,hiaticula,No,LC,Unknown
Birds,ANIMALIA,CHORDATA,AVES,CHARADRIIFORMES,CHARADRIIDAE,Charadrius,leschenaultii,No,VU,Unknown
Birds,ANIMALIA,CHORDATA,AVES,CHARADRIIFORMES,CHARADRIIDAE,Eudromias,morinellus,No,LC,Decreasing
Birds,ANIMALIA,CHORDATA,AVES,CHARADRIIFORMES,CHARADRIIDAE,Pluvialis,apricaria,No,LC,Increasing
Birds,ANIMALIA,CHORDATA,AVES,CHARADRIIFORMES,CHARADRIIDAE,Pluvialis,squatarola,No,LC,Unknown
Birds,ANIMALIA,CHORDATA,AVES,CHARADRIIFORMES,CHARADRIIDAE,Vanellus,gregarius,No,CR,Decreasing
Birds,ANIMALIA,CHORDATA,AVES,CHARADRIIFORMES,CHARADRIIDAE,Vanellus,indicus,No,VU,Stable
Birds,ANIMALIA,CHORDATA,AVES,CHARADRIIFORMES,CHARADRIIDAE,Vanellus,leucurus,No,LC,Increasing
Birds,ANIMALIA,CHORDATA,AVES,CHARADRIIFORMES,CHARADRIIDAE,Vanellus,spinosus,No,LC,Stable
Birds,ANIMALIA,CHORDATA,AVES,CHARADRIIFORMES,CHARADRIIDAE,Vanellus,vanellus,No,VU,Decreasing
Birds,ANIMALIA,CHORDATA,AVES,CHARADRIIFORMES,GLAREOLIDAE,Cursorius,cursor,No,NT,Unknown
Birds,ANIMALIA,CHORDATA,AVES,CHARADRIIFORMES,GLAREOLIDAE,Glareola,nordmanni,No,VU,Decreasing
Birds,ANIMALIA,CHORDATA,AVES,CHARADRIIFORMES,GLAREOLIDAE,Glareola,pratincola,No,LC,Stable
Birds,ANIMALIA,CHORDATA,AVES,CHARADRIIFORMES,HAEMATOPODIDAE,Haematopus,meadewaldoi,Yes,EX,
Birds,ANIMALIA,CHORDATA,AVES,CHARADRIIFORMES,HAEMATOPODIDAE,Haematopus,ostralegus,No,VU,Decreasing
Birds,ANIMALIA,CHORDATA,AVES,CHARADRIIFORMES,LARIDAE,Chlidonias,hybrida,No,LC,Increasing
Birds,ANIMALIA,CHORDATA,AVES,CHARADRIIFORMES,LARIDAE,Chlidonias,leucopterus,No,LC,Stable
Birds,ANIMALIA,CHORDATA,AVES,CHARADRIIFORMES,LARIDAE,Chlidonias,niger,No,LC,Unknown
Birds,ANIMALIA,CHORDATA,AVES,CHARADRIIFORMES,LARIDAE,Gelochelidon,nilotica,No,LC,Increasing
Birds,ANIMALIA,CHORDATA,AVES,CHARADRIIFORMES,LARIDAE,Hydrocoloeus,minutus,No,NT,Decreasing
Birds,ANIMALIA,CHORDATA,AVES,CHARADRIIFORMES,LARIDAE,Hydroprogne,caspia,No,LC,Increasing
Birds,ANIMALIA,CHORDATA,AVES,CHARADRIIFORMES,LARIDAE,Larus,argentatus,Yes,NT,Decreasing
Birds,ANIMALIA,CHORDATA,AVES,CHARADRIIFORMES,LARIDAE,Larus,armenicus,No,NT,Decreasing
Birds,ANIMALIA,CHORDATA,AVES,CHARADRIIFORMES,LARIDAE,Larus,audouinii,No,LC,Stable
Birds,ANIMALIA,CHORDATA,AVES,CHARADRIIFORMES,LARIDAE,Larus,cachinnans,No,LC,Increasing
Birds,ANIMALIA,CHORDATA,AVES,CHARADRIIFORMES,LARIDAE,Larus,canus,No,LC,Decreasing
Birds,ANIMALIA,CHORDATA,AVES,CHARADRIIFORMES,LARIDAE,Larus,fuscus,No,LC,Increasing
Birds,ANIMALIA,CHORDATA,AVES,CHARADRIIFORMES,LARIDAE,Larus,genei,No,LC,Decreasing
Birds,ANIMALIA,CHORDATA,AVES,CHARADRIIFORMES,LARIDAE,Larus,glaucoides,No,LC,Stable
Birds,ANIMALIA,CHORDATA,AVES,CHARADRIIFORMES,LARIDAE,Larus,hyperboreus,No,LC,Stable
Birds,ANIMALIA,CHORDATA,AVES,CHARADRIIFORMES,LARIDAE,Larus,ichthyaetus,No,LC,Stable
Birds,ANIMALIA,CHORDATA,AVES,CHARADRIIFORMES,LARIDAE,Larus,marinus,No,LC,Decreasing
Birds,ANIMALIA,CHORDATA,AVES,CHARADRIIFORMES,LARIDAE,Larus,melanocephalus,Yes,LC,Decreasing
Birds,ANIMALIA,CHORDATA,AVES,CHARADRIIFORMES,LARIDAE,Larus,michahellis,No,LC,Increasing
Birds,ANIMALIA,CHORDATA,AVES,CHARADRIIFORMES,LARIDAE,Larus,ridibundus,No,LC,Stable
Birds,ANIMALIA,CHORDATA,AVES,CHARADRIIFORMES,LARIDAE,Pagophila,eburnea,No,LC,Stable
Birds,ANIMALIA,CHORDATA,AVES,CHARADRIIFORMES,LARIDAE,Rhodostethia,rosea,No,EN,Stable
Birds,ANIMALIA,CHORDATA,AVES,CHARADRIIFORMES,LARIDAE,Rissa,tridactyla,No,VU,Decreasing
Birds,ANIMALIA,CHORDATA,AVES,CHARADRIIFORMES,LARIDAE,Sterna,dougallii,No,LC,Increasing
Birds,ANIMALIA,CHORDATA,AVES,CHARADRIIFORMES,LARIDAE,Sterna,hirundo,No,LC,Increasing
Birds,ANIMALIA,CHORDATA,AVES,CHARADRIIFORMES,LARIDAE,Sterna,paradisaea,No,LC,Decreasing
Birds,ANIMALIA,CHORDATA,AVES,CHARADRIIFORMES,LARIDAE,Sternula,albifrons,No,LC,Unknown
Birds,ANIMALIA,CHORDATA,AVES,CHARADRIIFORMES,LARIDAE,Thalasseus,sandvicensis,No,LC,Stable
Birds,ANIMALIA,CHORDATA,AVES,CHARADRIIFORMES,LARIDAE,Xema,sabini,No,LC,Increasing
Birds,ANIMALIA,CHORDATA,AVES,CHARADRIIFORMES,RECURVIROSTRIDAE,Himantopus,himantopus,No,LC,Stable
Birds,ANIMALIA,CHORDATA,AVES,CHARADRIIFORMES,RECURVIROSTRIDAE,Recurvirostra,avosetta,No,LC,Stable
Birds,ANIMALIA,CHORDATA,AVES,CHARADRIIFORMES,SCOLOPACIDAE,Actitis,hypoleucos,No,LC,Decreasing
Birds,ANIMALIA,CHORDATA,AVES,CHARADRIIFORMES,SCOLOPACIDAE,Arenaria,interpres,No,LC,Decreasing
Birds,ANIMALIA,CHORDATA,AVES,CHARADRIIFORMES,SCOLOPACIDAE,Calidris,alba,No,LC,Unknown
Birds,ANIMALIA,CHORDATA,AVES,CHARADRIIFORMES,SCOLOPACIDAE,Calidris,alpina,No,LC,Unknown
Birds,ANIMALIA,CHORDATA,AVES,CHARADRIIFORMES,SCOLOPACIDAE,Calidris,bairdii,No,LC,Unknown
Birds,ANIMALIA,CHORDATA,AVES,CHARADRIIFORMES,SCOLOPACIDAE,Calidris,canutus,No,LC,Unknown
Birds,ANIMALIA,CHORDATA,AVES,CHARADRIIFORMES,SCOLOPACIDAE,Calidris,falcinellus,No,LC,Unknown
Birds,ANIMALIA,CHORDATA,AVES,CHARADRIIFORMES,SCOLOPACIDAE,Calidris,ferruginea,No,VU,Increasing
Birds,ANIMALIA,CHORDATA,AVES,CHARADRIIFORMES,SCOLOPACIDAE,Calidris,maritima,No,LC,Unknown
Birds,ANIMALIA,CHORDATA,AVES,CHARADRIIFORMES,SCOLOPACIDAE,Calidris,minuta,No,LC,Stable
Birds,ANIMALIA,CHORDATA,AVES,CHARADRIIFORMES,SCOLOPACIDAE,Calidris,pugnax,No,LC,Decreasing
Birds,ANIMALIA,CHORDATA,AVES,CHARADRIIFORMES,SCOLOPACIDAE,Calidris,temminckii,No,LC,Stable
Birds,ANIMALIA,CHORDATA,AVES,CHARADRIIFORMES,SCOLOPACIDAE,Gallinago,gallinago,No,LC,Decreasing
Birds,ANIMALIA,CHORDATA,AVES,CHARADRIIFORMES,SCOLOPACIDAE,Gallinago,media,No,LC,Decreasing
Birds,ANIMALIA,CHORDATA,AVES,CHARADRIIFORMES,SCOLOPACIDAE,Gallinago,stenura,No,LC,Stable
Birds,ANIMALIA,CHORDATA,AVES,CHARADRIIFORMES,SCOLOPACIDAE,Limosa,lapponica,No,LC,Unknown
Birds,ANIMALIA,CHORDATA,AVES,CHARADRIIFORMES,SCOLOPACIDAE,Limosa,limosa,No,VU,Decreasing
Birds,ANIMALIA,CHORDATA,AVES,CHARADRIIFORMES,SCOLOPACIDAE,Lymnocryptes,minimus,No,LC,Stable
Birds,ANIMALIA,CHORDATA,AVES,CHARADRIIFORMES,SCOLOPACIDAE,Numenius,arquata,No,VU,Decreasing
Birds,ANIMALIA,CHORDATA,AVES,CHARADRIIFORMES,SCOLOPACIDAE,Numenius,phaeopus,No,LC,Stable
Birds,ANIMALIA,CHORDATA,AVES,CHARADRIIFORMES,SCOLOPACIDAE,Numenius,tenuirostris,No,CR,Unknown
Birds,ANIMALIA,CHORDATA,AVES,CHARADRIIFORMES,SCOLOPACIDAE,Phalaropus,fulicarius,No,LC,Unknown
Birds,ANIMALIA,CHORDATA,AVES,CHARADRIIFORMES,SCOLOPACIDAE,Phalaropus,lobatus,No,LC,Stable
Birds,ANIMALIA,CHORDATA,AVES,CHARADRIIFORMES,SCOLOPACIDAE,Scolopax,rusticola,No,LC,Stable
Birds,ANIMALIA,CHORDATA,AVES,CHARADRIIFORMES,SCOLOPACIDAE,Tringa,erythropus,No,LC,Unknown
Birds,ANIMALIA,CHORDATA,AVES,CHARADRIIFORMES,SCOLOPACIDAE,Tringa,glareola,No,LC,Stable
Birds,ANIMALIA,CHORDATA,AVES,CHARADRIIFORMES,SCOLOPACIDAE,Tringa,nebularia,No,LC,Unknown
Birds,ANIMALIA,CHORDATA,AVES,CHARADRIIFORMES,SCOLOPACIDAE,Tringa,ochropus,No,LC,Stable
Birds,ANIMALIA,CHORDATA,AVES,CHARADRIIFORMES,SCOLOPACIDAE,Tringa,stagnatilis,No,LC,Unknown
Birds,ANIMALIA,CHORDATA,AVES,CHARADRIIFORMES,SCOLOPACIDAE,Tringa,totanus,No,LC,Decreasing
Birds,ANIMALIA,CHORDATA,AVES,CHARADRIIFORMES,SCOLOPACIDAE,Xenus,cinereus,No,LC,Decreasing
Birds,ANIMALIA,CHORDATA,AVES,CHARADRIIFORMES,STERCORARIIDAE,Catharacta,skua,Yes,LC,Unknown
Birds,ANIMALIA,CHORDATA,AVES,CHARADRIIFORMES,STERCORARIIDAE,Stercorarius,longicaudus,No,LC,Stable
Birds,ANIMALIA,CHORDATA,AVES,CHARADRIIFORMES,STERCORARIIDAE,Stercorarius,parasiticus,No,LC,Unknown
Birds,ANIMALIA,CHORDATA,AVES,CHARADRIIFORMES,STERCORARIIDAE,Stercorarius,pomarinus,No,LC,Unknown
Birds,ANIMALIA,CHORDATA,AVES,CHARADRIIFORMES,TURNICIDAE,Turnix,sylvaticus,No,CR,Unknown
Birds,ANIMALIA,CHORDATA,AVES,CICONIIFORMES,CICONIIDAE,Ciconia,ciconia,No,LC,Increasing
Birds,ANIMALIA,CHORDATA,AVES,CICONIIFORMES,CICONIIDAE,Ciconia,nigra,No,LC,Increasing
Birds,ANIMALIA,CHORDATA,AVES,COLUMBIFORMES,COLUMBIDAE,Columba,bollii,Yes,LC,Unknown
Birds,ANIMALIA,CHORDATA,AVES,COLUMBIFORMES,COLUMBIDAE,Columba,junoniae,Yes,NT,Unknown
Birds,ANIMALIA,CHORDATA,AVES,COLUMBIFORMES,COLUMBIDAE,Columba,livia,No,LC,Unknown
Birds,ANIMALIA,CHORDATA,AVES,COLUMBIFORMES,COLUMBIDAE,Columba,oenas,No,LC,Increasing
Birds,ANIMALIA,CHORDATA,AVES,COLUMBIFORMES,COLUMBIDAE,Columba,palumbus,No,LC,Increasing
Birds,ANIMALIA,CHORDATA,AVES,COLUMBIFORMES,COLUMBIDAE,Columba,trocaz,Yes,LC,Stable
Birds,ANIMALIA,CHORDATA,AVES,COLUMBIFORMES,COLUMBIDAE,Spilopelia,senegalensis,No,LC,Increasing
Birds,ANIMALIA,CHORDATA,AVES,COLUMBIFORMES,COLUMBIDAE,Streptopelia,decaocto,No,LC,Increasing
Birds,ANIMALIA,CHORDATA,AVES,COLUMBIFORMES,COLUMBIDAE,Streptopelia,turtur,No,VU,Decreasing
Birds,ANIMALIA,CHORDATA,AVES,CORACIIFORMES,ALCEDINIDAE,Alcedo,atthis,No,VU,Decreasing
Birds,ANIMALIA,CHORDATA,AVES,CORACIIFORMES,ALCEDINIDAE,Ceryle,rudis,No,EN,Decreasing
Birds,ANIMALIA,CHORDATA,AVES,CORACIIFORMES,ALCEDINIDAE,Halcyon,smyrnensis,No,VU,Decreasing
Birds,ANIMALIA,CHORDATA,AVES,CORACIIFORMES,CORACIIDAE,Coracias,garrulus,No,LC,Decreasing
Birds,ANIMALIA,CHORDATA,AVES,CORACIIFORMES,MEROPIDAE,Merops,apiaster,No,LC,Stable
Birds,ANIMALIA,CHORDATA,AVES,CORACIIFORMES,MEROPIDAE,Merops,persicus,No,LC,Increasing
Birds,ANIMALIA,CHORDATA,AVES,CUCULIFORMES,CUCULIDAE,Clamator,glandarius,No,LC,Increasing
Birds,ANIMALIA,CHORDATA,AVES,CUCULIFORMES,CUCULIDAE,Cuculus,canorus,No,LC,Stable
Birds,ANIMALIA,CHORDATA,AVES,CUCULIFORMES,CUCULIDAE,Cuculus,saturatus,No,LC,Stable
Birds,ANIMALIA,CHORDATA,AVES,FALCONIFORMES,FALCONIDAE,Falco,biarmicus,No,EN,Decreasing
Birds,ANIMALIA,CHORDATA,AVES,FALCONIFORMES,FALCONIDAE,Falco,cherrug,No,VU,Increasing
Birds,ANIMALIA,CHORDATA,AVES,FALCONIFORMES,FALCONIDAE,Falco,columbarius,No,LC,Unknown
Birds,ANIMALIA,CHORDATA,AVES,FALCONIFORMES,FALCONIDAE,Falco,eleonorae,No,LC,Increasing
Birds,ANIMALIA,CHORDATA,AVES,FALCONIFORMES,FALCONIDAE,Falco,naumanni,No,LC,Increasing
Birds,ANIMALIA,CHORDATA,AVES,FALCONIFORMES,FALCONIDAE,Falco,peregrinus,No,LC,Increasing
Birds,ANIMALIA,CHORDATA,AVES,FALCONIFORMES,FALCONIDAE,Falco,rusticolus,No,LC,Stable
Birds,ANIMALIA,CHORDATA,AVES,FALCONIFORMES,FALCONIDAE,Falco,subbuteo,No,LC,Stable
Birds,ANIMALIA,CHORDATA,AVES,FALCONIFORMES,FALCONIDAE,Falco,tinnunculus,No,LC,Decreasing
Birds,ANIMALIA,CHORDATA,AVES,FALCONIFORMES,FALCONIDAE,Falco,vespertinus,No,NT,Decreasing
Birds,ANIMALIA,CHORDATA,AVES,GALLIFORMES,PHASIANIDAE,Alectoris,barbara,No,LC,Unknown
Birds,ANIMALIA,CHORDATA,AVES,GALLIFORMES,PHASIANIDAE,Alectoris,chukar,No,NT,Decreasing
Birds,ANIMALIA,CHORDATA,AVES,GALLIFORMES,PHASIANIDAE,Alectoris,graeca,Yes,NT,Decreasing
Birds,ANIMALIA,CHORDATA,AVES,GALLIFORMES,PHASIANIDAE,Alectoris,rufa,Yes,LC,Decreasing
Birds,ANIMALIA,CHORDATA,AVES,GALLIFORMES,PHASIANIDAE,Ammoperdix,griseogularis,No,LC,Stable
Birds,ANIMALIA,CHORDATA,AVES,GALLIFORMES,PHASIANIDAE,Bonasa,bonasia,No,LC,Stable
Birds,ANIMALIA,CHORDATA,AVES,GALLIFORMES,PHASIANIDAE,Coturnix,coturnix,No,LC,Stable
Birds,ANIMALIA,CHORDATA,AVES,GALLIFORMES,PHASIANIDAE,Francolinus,francolinus,No,LC,Stable
Birds,ANIMALIA,CHORDATA,AVES,GALLIFORMES,PHASIANIDAE,Lagopus,lagopus,No,VU,Decreasing
Birds,ANIMALIA,CHORDATA,AVES,GALLIFORMES,PHASIANIDAE,Lagopus,muta,No,NT,Decreasing
Birds,ANIMALIA,CHORDATA,AVES,GALLIFORMES,PHASIANIDAE,Lyrurus,mlokosiewiczi,No,LC,Unknown
Birds,ANIMALIA,CHORDATA,AVES,GALLIFORMES,PHASIANIDAE,Lyrurus,tetrix,No,LC,Increasing
Birds,ANIMALIA,CHORDATA,AVES,GALLIFORMES,PHASIANIDAE,Perdix,perdix,No,LC,Decreasing
Birds,ANIMALIA,CHORDATA,AVES,GALLIFORMES,PHASIANIDAE,Phasianus,colchicus,No,LC,Increasing
Birds,ANIMALIA,CHORDATA,AVES,GALLIFORMES,PHASIANIDAE,Tetrao,urogallus,No,LC,Increasing
Birds,ANIMALIA,CHORDATA,AVES,GALLIFORMES,PHASIANIDAE,Tetraogallus,caspius,No,LC,Unknown
Birds,ANIMALIA,CHORDATA,AVES,GALLIFORMES,PHASIANIDAE,Tetraogallus,caucasicus,Yes,LC,Stable
Birds,ANIMALIA,CHORDATA,AVES,GAVIIFORMES,GAVIIDAE,Gavia,adamsii,No,VU,Unknown
Birds,ANIMALIA,CHORDATA,AVES,GAVIIFORMES,GAVIIDAE,Gavia,arctica,No,LC,Decreasing
Birds,ANIMALIA,CHORDATA,AVES,GAVIIFORMES,GAVIIDAE,Gavia,immer,No,VU,Decreasing
Birds,ANIMALIA,CHORDATA,AVES,GAVIIFORMES,GAVIIDAE,Gavia,stellata,No,LC,Unknown
Birds,ANIMALIA,CHORDATA,AVES,GRUIFORMES,GRUIDAE,Anthropoides,virgo,No,LC,Decreasing
Birds,ANIMALIA,CHORDATA,AVES,GRUIFORMES,GRUIDAE,Grus,grus,No,LC,Increasing
Birds,ANIMALIA,CHORDATA,AVES,GRUIFORMES,RALLIDAE,Crex,crex,No,LC,Stable
Birds,ANIMALIA,CHORDATA,AVES,GRUIFORMES,RALLIDAE,Fulica,atra,No,NT,Decreasing
Birds,ANIMALIA,CHORDATA,AVES,GRUIFORMES,RALLIDAE,Fulica,cristata,No,EN,Stable
Birds,ANIMALIA,CHORDATA,AVES,GRUIFORMES,RALLIDAE,Gallinula,chloropus,No,LC,Stable
Birds,ANIMALIA,CHORDATA,AVES,GRUIFORMES,RALLIDAE,Porphyrio,porphyrio,No,LC,Stable
Birds,ANIMALIA,CHORDATA,AVES,GRUIFORMES,RALLIDAE,Porzana,porzana,No,LC,Unknown
Birds,ANIMALIA,CHORDATA,AVES,GRUIFORMES,RALLIDAE,Rallus,aquaticus,No,LC,Unknown
Birds,ANIMALIA,CHORDATA,AVES,GRUIFORMES,RALLIDAE,Zapornia,parva,No,LC,Stable
Birds,ANIMALIA,CHORDATA,AVES,GRUIFORMES,RALLIDAE,Zapornia,pusilla,No,LC,Unknown
Birds,ANIMALIA,CHORDATA,AVES,OTIDIFORMES,OTIDIDAE,Chlamydotis,macqueenii,No,CR,Decreasing
Birds,ANIMALIA,CHORDATA,AVES,OTIDIFORMES,OTIDIDAE,Chlamydotis,undulata,No,NT,Stable
Birds,ANIMALIA,CHORDATA,AVES,OTIDIFORMES,OTIDIDAE,Otis,tarda,No,LC,Decreasing
Birds,ANIMALIA,CHORDATA,AVES,OTIDIFORMES,OTIDIDAE,Tetrax,tetrax,No,VU,Decreasing
Birds,ANIMALIA,CHORDATA,AVES,PASSERIFORMES,AEGITHALIDAE,Aegithalos,caudatus,No,LC,Stable
Birds,ANIMALIA,CHORDATA,AVES,PASSERIFORMES,ALAUDIDAE,Alauda,arvensis,No,LC,Decreasing
Birds,ANIMALIA,CHORDATA,AVES,PASSERIFORMES,ALAUDIDAE,Ammomanes,deserti,No,CR,Decreasing
Birds,ANIMALIA,CHORDATA,AVES,PASSERIFORMES,ALAUDIDAE,Calandrella,brachydactyla,No,LC,Unknown
Birds,ANIMALIA,CHORDATA,AVES,PASSERIFORMES,ALAUDIDAE,Calandrella,rufescens,No,LC,Decreasing
Birds,ANIMALIA,CHORDATA,AVES,PASSERIFORMES,ALAUDIDAE,Chersophilus,duponti,No,VU,Decreasing
Birds,ANIMALIA,CHORDATA,AVES,PASSERIFORMES,ALAUDIDAE,Eremophila,alpestris,No,LC,Stable
Birds,ANIMALIA,CHORDATA,AVES,PASSERIFORMES,ALAUDIDAE,Galerida,cristata,No,LC,Decreasing
Birds,ANIMALIA,CHORDATA,AVES,PASSERIFORMES,ALAUDIDAE,Galerida,theklae,No,LC,Increasing
Birds,ANIMALIA,CHORDATA,AVES,PASSERIFORMES,ALAUDIDAE,Lullula,arborea,No,LC,Increasing
Birds,ANIMALIA,CHORDATA,AVES,PASSERIFORMES,ALAUDIDAE,Melanocorypha,bimaculata,No,LC,Stable
Birds,ANIMALIA,CHORDATA,AVES,PASSERIFORMES,ALAUDIDAE,Melanocorypha,calandra,No,LC,Decreasing
Birds,ANIMALIA,CHORDATA,AVES,PASSERIFORMES,ALAUDIDAE,Melanocorypha,leucoptera,No,LC,Stable
Birds,ANIMALIA,CHORDATA,AVES,PASSERIFORMES,ALAUDIDAE,Melanocorypha,yeltoniensis,No,CR,Decreasing
Birds,ANIMALIA,CHORDATA,AVES,PASSERIFORMES,BOMBYCILLIDAE,Bombycilla,garrulus,No,LC,Stable
Birds,ANIMALIA,CHORDATA,AVES,PASSERIFORMES,CERTHIIDAE,Certhia,brachydactyla,No,LC,Increasing
Birds,ANIMALIA,CHORDATA,AVES,PASSERIFORMES,CERTHIIDAE,Certhia,familiaris,No,LC,Stable
Birds,ANIMALIA,CHORDATA,AVES,PASSERIFORMES,CINCLIDAE,Cinclus,cinclus,No,LC,Decreasing
Birds,ANIMALIA,CHORDATA,AVES,PASSERIFORMES,CISTICOLIDAE,Cisticola,juncidis,No,LC,Stable
Birds,ANIMALIA,CHORDATA,AVES,PASSERIFORMES,CISTICOLIDAE,Prinia,gracilis,No,LC,Stable
Birds,ANIMALIA,CHORDATA,AVES,PASSERIFORMES,CORVIDAE,Corvus,corax,No,LC,Increasing
Birds,ANIMALIA,CHORDATA,AVES,PASSERIFORMES,CORVIDAE,Corvus,corone,No,LC,Stable
Birds,ANIMALIA,CHORDATA,AVES,PASSERIFORMES,CORVIDAE,Corvus,frugilegus,No,LC,Decreasing
Birds,ANIMALIA,CHORDATA,AVES,PASSERIFORMES,CORVIDAE,Corvus,monedula,No,LC,Stable
Birds,ANIMALIA,CHORDATA,AVES,PASSERIFORMES,CORVIDAE,Cyanopica,cyanus,No,LC,Increasing
Birds,ANIMALIA,CHORDATA,AVES,PASSERIFORMES,CORVIDAE,Garrulus,glandarius,No,LC,Increasing
Birds,ANIMALIA,CHORDATA,AVES,PASSERIFORMES,CORVIDAE,Nucifraga,caryocatactes,No,LC,Stable
Birds,ANIMALIA,CHORDATA,AVES,PASSERIFORMES,CORVIDAE,Perisoreus,infaustus,No,LC,Stable
Birds,ANIMALIA,CHORDATA,AVES,PASSERIFORMES,CORVIDAE,Pica,pica,No,LC,Stable
Birds,ANIMALIA,CHORDATA,AVES,PASSERIFORMES,CORVIDAE,Pyrrhocorax,graculus,No,LC,Stable
Birds,ANIMALIA,CHORDATA,AVES,PASSERIFORMES,CORVIDAE,Pyrrhocorax,pyrrhocorax,No,LC,Decreasing
Birds,ANIMALIA,CHORDATA,AVES,PASSERIFORMES,EMBERIZIDAE,Calcarius,lapponicus,No,LC,Unknown
Birds,ANIMALIA,CHORDATA,AVES,PASSERIFORMES,EMBERIZIDAE,Emberiza,aureola,No,CR,Decreasing
Birds,ANIMALIA,CHORDATA,AVES,PASSERIFORMES,EMBERIZIDAE,Emberiza,bruniceps,No,LC,Increasing
Birds,ANIMALIA,CHORDATA,AVES,PASSERIFORMES,EMBERIZIDAE,Emberiza,buchanani,No,LC,Stable
Birds,ANIMALIA,CHORDATA,AVES,PASSERIFORMES,EMBERIZIDAE,Emberiza,caesia,No,LC,Stable
Birds,ANIMALIA,CHORDATA,AVES,PASSERIFORMES,EMBERIZIDAE,Emberiza,cia,No,LC,Increasing
Birds,ANIMALIA,CHORDATA,AVES,PASSERIFORMES,EMBERIZIDAE,Emberiza,cineracea,No,VU,Decreasing
Birds,ANIMALIA,CHORDATA,AVES,PASSERIFORMES,EMBERIZIDAE,Emberiza,cirlus,No,LC,Stable
Birds,ANIMALIA,CHORDATA,AVES,PASSERIFORMES,EMBERIZIDAE,Emberiza,citrinella,No,LC,Decreasing
Birds,ANIMALIA,CHORDATA,AVES,PASSERIFORMES,EMBERIZIDAE,Emberiza,hortulana,No,LC,Decreasing
Birds,ANIMALIA,CHORDATA,AVES,PASSERIFORMES,EMBERIZIDAE,Emberiza,leucocephalos,No,VU,Unknown
Birds,ANIMALIA,CHORDATA,AVES,PASSERIFORMES,EMBERIZIDAE,Emberiza,melanocephala,No,LC,Decreasing
Birds,ANIMALIA,CHORDATA,AVES,PASSERIFORMES,EMBERIZIDAE,Emberiza,pallasi,No,LC,Unknown
Birds,ANIMALIA,CHORDATA,AVES,PASSERIFORMES,EMBERIZIDAE,Emberiza,pusilla,No,LC,Unknown
Birds,ANIMALIA,CHORDATA,AVES,PASSERIFORMES,EMBERIZIDAE,Emberiza,rustica,No,VU,Decreasing
Birds,ANIMALIA,CHORDATA,AVES,PASSERIFORMES,EMBERIZIDAE,Emberiza,schoeniclus,No,LC,Decreasing
Birds,ANIMALIA,CHORDATA,AVES,PASSERIFORMES,EMBERIZIDAE,Miliaria,calandra,No,LC,Stable
Birds,ANIMALIA,CHORDATA,AVES,PASSERIFORMES,EMBERIZIDAE,Plectrophenax,nivalis,No,LC,Unknown
Birds,ANIMALIA,CHORDATA,AVES,PASSERIFORMES,FRINGILLIDAE,Bucanetes,githagineus,No,LC,Decreasing
Birds,ANIMALIA,CHORDATA,AVES,PASSERIFORMES,FRINGILLIDAE,Carduelis,cannabina,No,LC,Decreasing
Birds,ANIMALIA,CHORDATA,AVES,PASSERIFORMES,FRINGILLIDAE,Carduelis,carduelis,No,LC,Stable
Birds,ANIMALIA,CHORDATA,AVES,PASSERIFORMES,FRINGILLIDAE,Carduelis,chloris,No,LC,Stable
Birds,ANIMALIA,CHORDATA,AVES,PASSERIFORMES,FRINGILLIDAE,Carduelis,citrinella,Yes,LC,Decreasing
Birds,ANIMALIA,CHORDATA,AVES,PASSERIFORMES,FRINGILLIDAE,Carduelis,corsicana,Yes,LC,Unknown
Birds,ANIMALIA,CHORDATA,AVES,PASSERIFORMES,FRINGILLIDAE,Carduelis,flammea,No,LC,Stable
Birds,ANIMALIA,CHORDATA,AVES,PASSERIFORMES,FRINGILLIDAE,Carduelis,flavirostris,No,LC,Decreasing
Birds,ANIMALIA,CHORDATA,AVES,PASSERIFORMES,FRINGILLIDAE,Carduelis,spinus,No,LC,Stable
Birds,ANIMALIA,CHORDATA,AVES,PASSERIFORMES,FRINGILLIDAE,Carpodacus,erythrinus,No,LC,Decreasing
Birds,ANIMALIA,CHORDATA,AVES,PASSERIFORMES,FRINGILLIDAE,Carpodacus,rubicilla,No,LC,Unknown
Birds,ANIMALIA,CHORDATA,AVES,PASSERIFORMES,FRINGILLIDAE,Coccothraustes,coccothraustes,No,LC,Stable
Birds,ANIMALIA,CHORDATA,AVES,PASSERIFORMES,FRINGILLIDAE,Eremopsaltria,mongolicus,No,LC,Stable
Birds,ANIMALIA,CHORDATA,AVES,PASSERIFORMES,FRINGILLIDAE,Fringilla,coelebs,No,LC,Stable
Birds,ANIMALIA,CHORDATA,AVES,PASSERIFORMES,FRINGILLIDAE,Fringilla,montifringilla,No,LC,Decreasing
Birds,ANIMALIA,CHORDATA,AVES,PASSERIFORMES,FRINGILLIDAE,Fringilla,teydea,Yes,NT,Increasing
Birds,ANIMALIA,CHORDATA,AVES,PASSERIFORMES,FRINGILLIDAE,Loxia,curvirostra,No,LC,Stable
Birds,ANIMALIA,CHORDATA,AVES,PASSERIFORMES,FRINGILLIDAE,Loxia,leucoptera,No,LC,Stable
Birds,ANIMALIA,CHORDATA,AVES,PASSERIFORMES,FRINGILLIDAE,Loxia,pytyopsittacus,No,LC,Stable
Birds,ANIMALIA,CHORDATA,AVES,PASSERIFORMES,FRINGILLIDAE,Loxia,scotica,Yes,LC,Unknown
Birds,ANIMALIA,CHORDATA,AVES,PASSERIFORMES,FRINGILLIDAE,Pinicola,enucleator,No,LC,Stable
Birds,ANIMALIA,CHORDATA,AVES,PASSERIFORMES,FRINGILLIDAE,Pyrrhula,murina,Yes,EN,Stable
Birds,ANIMALIA,CHORDATA,AVES,PASSERIFORMES,FRINGILLIDAE,Pyrrhula,pyrrhula,No,LC,Stable
Birds,ANIMALIA,CHORDATA,AVES,PASSERIFORMES,FRINGILLIDAE,Rhodopechys,obsoletus,No,LC,Stable
Birds,ANIMALIA,CHORDATA,AVES,PASSERIFORMES,FRINGILLIDAE,Rhodopechys,sanguineus,No,LC,Stable
Birds,ANIMALIA,CHORDATA,AVES,PASSERIFORMES,FRINGILLIDAE,Serinus,canaria,Yes,LC,Unknown
Birds,ANIMALIA,CHORDATA,AVES,PASSERIFORMES,FRINGILLIDAE,Serinus,pusillus,No,LC,Stable
Birds,ANIMALIA,CHORDATA,AVES,PASSERIFORMES,FRINGILLIDAE,Serinus,serinus,No,LC,Decreasing
Birds,ANIMALIA,CHORDATA,AVES,PASSERIFORMES,HIRUNDINIDAE,Delichon,urbicum,No,LC,Decreasing
Birds,ANIMALIA,CHORDATA,AVES,PASSERIFORMES,HIRUNDINIDAE,Hirundo,daurica,No,LC,Stable
Birds,ANIMALIA,CHORDATA,AVES,PASSERIFORMES,HIRUNDINIDAE,Hirundo,rupestris,No,LC,Stable
Birds,ANIMALIA,CHORDATA,AVES,PASSERIFORMES,HIRUNDINIDAE,Hirundo,rustica,No,LC,Decreasing
Birds,ANIMALIA,CHORDATA,AVES,PASSERIFORMES,HIRUNDINIDAE,Riparia,riparia,No,LC,Unknown
Birds,ANIMALIA,CHORDATA,AVES,PASSERIFORMES,LANIIDAE,Lanius,collurio,No,LC,Stable
Birds,ANIMALIA,CHORDATA,AVES,PASSERIFORMES,LANIIDAE,Lanius,excubitor,No,VU,Decreasing
Birds,ANIMALIA,CHORDATA,AVES,PASSERIFORMES,LANIIDAE,Lanius,minor,No,LC,Stable
Birds,ANIMALIA,CHORDATA,AVES,PASSERIFORMES,LANIIDAE,Lanius,nubicus,No,LC,Decreasing
Birds,ANIMALIA,CHORDATA,AVES,PASSERIFORMES,LANIIDAE,Lanius,senator,No,LC,Decreasing
Birds,ANIMALIA,CHORDATA,AVES,PASSERIFORMES,MOTACILLIDAE,Anthus,berthelotii,Yes,LC,Unknown
Birds,ANIMALIA,CHORDATA,AVES,PASSERIFORMES,MOTACILLIDAE,Anthus,campestris,No,LC,Unknown
Birds,ANIMALIA,CHORDATA,AVES,PASSERIFORMES,MOTACILLIDAE,Anthus,cervinus,No,LC,Unknown
Birds,ANIMALIA,CHORDATA,AVES,PASSERIFORMES,MOTACILLIDAE,Anthus,gustavi,No,VU,Unknown
Birds,ANIMALIA,CHORDATA,AVES,PASSERIFORMES,MOTACILLIDAE,Anthus,hodgsoni,No,LC,Unknown
Birds,ANIMALIA,CHORDATA,AVES,PASSERIFORMES,MOTACILLIDAE,Anthus,petrosus,Yes,LC,Unknown
Birds,ANIMALIA,CHORDATA,AVES,PASSERIFORMES,MOTACILLIDAE,Anthus,pratensis,No,NT,Decreasing
Birds,ANIMALIA,CHORDATA,AVES,PASSERIFORMES,MOTACILLIDAE,Anthus,spinoletta,No,LC,Stable
Birds,ANIMALIA,CHORDATA,AVES,PASSERIFORMES,MOTACILLIDAE,Anthus,trivialis,No,LC,Decreasing
Birds,ANIMALIA,CHORDATA,AVES,PASSERIFORMES,MOTACILLIDAE,Motacilla,alba,No,LC,Unknown
Birds,ANIMALIA,CHORDATA,AVES,PASSERIFORMES,MOTACILLIDAE,Motacilla,cinerea,No,LC,Unknown
Birds,ANIMALIA,CHORDATA,AVES,PASSERIFORMES,MOTACILLIDAE,Motacilla,citreola,No,LC,Increasing
Birds,ANIMALIA,CHORDATA,AVES,PASSERIFORMES,MOTACILLIDAE,Motacilla,flava,No,LC,Decreasing
Birds,ANIMALIA,CHORDATA,AVES,PASSERIFORMES,MUSCICAPIDAE,Erithacus,rubecula,No,LC,Increasing
Birds,ANIMALIA,CHORDATA,AVES,PASSERIFORMES,MUSCICAPIDAE,Erythropygia,galactotes,No,LC,Decreasing
Birds,ANIMALIA,CHORDATA,AVES,PASSERIFORMES,MUSCICAPIDAE,Ficedula,albicollis,Yes,LC,Increasing
Birds,ANIMALIA,CHORDATA,AVES,PASSERIFORMES,MUSCICAPIDAE,Ficedula,hypoleuca,No,LC,Unknown
Birds,ANIMALIA,CHORDATA,AVES,PASSERIFORMES,MUSCICAPIDAE,Ficedula,parva,No,LC,Increasing
Birds,ANIMALIA,CHORDATA,AVES,PASSERIFORMES,MUSCICAPIDAE,Ficedula,semitorquata,No,LC,Unknown
Birds,ANIMALIA,CHORDATA,AVES,PASSERIFORMES,MUSCICAPIDAE,Irania,gutturalis,No,LC,Stable
Birds,ANIMALIA,CHORDATA,AVES,PASSERIFORMES,MUSCICAPIDAE,Luscinia,calliope,No,LC,Unknown
Birds,ANIMALIA,CHORDATA,AVES,PASSERIFORMES,MUSCICAPIDAE,Luscinia,luscinia,No,LC,Stable
Birds,ANIMALIA,CHORDATA,AVES,PASSERIFORMES,MUSCICAPIDAE,Luscinia,megarhynchos,No,LC,Increasing
Birds,ANIMALIA,CHORDATA,AVES,PASSERIFORMES,MUSCICAPIDAE,Luscinia,svecica,No,LC,Stable
Birds,ANIMALIA,CHORDATA,AVES,PASSERIFORMES,MUSCICAPIDAE,Monticola,saxatilis,No,LC,Decreasing
Birds,ANIMALIA,CHORDATA,AVES,PASSERIFORMES,MUSCICAPIDAE,Monticola,solitarius,No,LC,Unknown
Birds,ANIMALIA,CHORDATA,AVES,PASSERIFORMES,MUSCICAPIDAE,Muscicapa,striata,No,LC,Stable
Birds,ANIMALIA,CHORDATA,AVES,PASSERIFORMES,MUSCICAPIDAE,Oenanthe,chrysopygia,No,EN,Unknown
Birds,ANIMALIA,CHORDATA,AVES,PASSERIFORMES,MUSCICAPIDAE,Oenanthe,cypriaca,Yes,LC,Stable
Birds,ANIMALIA,CHORDATA,AVES,PASSERIFORMES,MUSCICAPIDAE,Oenanthe,deserti,No,NT,Unknown
Birds,ANIMALIA,CHORDATA,AVES,PASSERIFORMES,MUSCICAPIDAE,Oenanthe,finschii,No,LC,Stable
Birds,ANIMALIA,CHORDATA,AVES,PASSERIFORMES,MUSCICAPIDAE,Oenanthe,hispanica,No,LC,Stable
Birds,ANIMALIA,CHORDATA,AVES,PASSERIFORMES,MUSCICAPIDAE,Oenanthe,isabellina,No,LC,Stable
Birds,ANIMALIA,CHORDATA,AVES,PASSERIFORMES,MUSCICAPIDAE,Oenanthe,leucura,No,VU,Decreasing
Birds,ANIMALIA,CHORDATA,AVES,PASSERIFORMES,MUSCICAPIDAE,Oenanthe,oenanthe,No,LC,Stable
Birds,ANIMALIA,CHORDATA,AVES,PASSERIFORMES,MUSCICAPIDAE,Oenanthe,pleschanka,No,LC,Stable
Birds,ANIMALIA,CHORDATA,AVES,PASSERIFORMES,MUSCICAPIDAE,Oenanthe,xanthoprymna,No,LC,Stable
Birds,ANIMALIA,CHORDATA,AVES,PASSERIFORMES,MUSCICAPIDAE,Phoenicurus,erythrogastrus,No,LC,Unknown
Birds,ANIMALIA,CHORDATA,AVES,PASSERIFORMES,MUSCICAPIDAE,Phoenicurus,ochruros,No,LC,Increasing
Birds,ANIMALIA,CHORDATA,AVES,PASSERIFORMES,MUSCICAPIDAE,Phoenicurus,phoenicurus,No,LC,Increasing
Birds,ANIMALIA,CHORDATA,AVES,PASSERIFORMES,MUSCICAPIDAE,Saxicola,dacotiae,Yes,NT,Unknown
Birds,ANIMALIA,CHORDATA,AVES,PASSERIFORMES,MUSCICAPIDAE,Saxicola,rubetra,No,LC,Decreasing
Birds,ANIMALIA,CHORDATA,AVES,PASSERIFORMES,MUSCICAPIDAE,Saxicola,torquatus,No,LC,Decreasing
Birds,ANIMALIA,CHORDATA,AVES,PASSERIFORMES,MUSCICAPIDAE,Tarsiger,cyanurus,No,LC,Increasing
Birds,ANIMALIA,CHORDATA,AVES,PASSERIFORMES,ORIOLIDAE,Oriolus,oriolus,No,LC,Unknown
Birds,ANIMALIA,CHORDATA,AVES,PASSERIFORMES,PARIDAE,Parus,ater,No,LC,Increasing
Birds,ANIMALIA,CHORDATA,AVES,PASSERIFORMES,PARIDAE,Parus,caeruleus,No,LC,Increasing
Birds,ANIMALIA,CHORDATA,AVES,PASSERIFORMES,PARIDAE,Parus,cinctus,No,LC,Decreasing
Birds,ANIMALIA,CHORDATA,AVES,PASSERIFORMES,PARIDAE,Parus,cristatus,No,LC,Decreasing
Birds,ANIMALIA,CHORDATA,AVES,PASSERIFORMES,PARIDAE,Parus,cyanus,No,LC,Decreasing
Birds,ANIMALIA,CHORDATA,AVES,PASSERIFORMES,PARIDAE,Parus,lugubris,No,LC,Stable
Birds,ANIMALIA,CHORDATA,AVES,PASSERIFORMES,PARIDAE,Parus,major,No,LC,Increasing
Birds,ANIMALIA,CHORDATA,AVES,PASSERIFORMES,PARIDAE,Parus,montanus,No,LC,Decreasing
Birds,ANIMALIA,CHORDATA,AVES,PASSERIFORMES,PARIDAE,Parus,palustris,No,LC,Stable
Birds,ANIMALIA,CHORDATA,AVES,PASSERIFORMES,PASSERIDAE,Montifringilla,nivalis,No,LC,Stable
Birds,ANIMALIA,CHORDATA,AVES,PASSERIFORMES,PASSERIDAE,Passer,domesticus,No,LC,Decreasing
Birds,ANIMALIA,CHORDATA,AVES,PASSERIFORMES,PASSERIDAE,Passer,hispaniolensis,No,LC,Decreasing
Birds,ANIMALIA,CHORDATA,AVES,PASSERIFORMES,PASSERIDAE,Passer,moabiticus,No,VU,Decreasing
Birds,ANIMALIA,CHORDATA,AVES,PASSERIFORMES,PASSERIDAE,Passer,montanus,No,LC,Unknown
Birds,ANIMALIA,CHORDATA,AVES,PASSERIFORMES,PASSERIDAE,Petronia,brachydactyla,No,LC,Increasing
Birds,ANIMALIA,CHORDATA,AVES,PASSERIFORMES,PASSERIDAE,Petronia,petronia,No,LC,Stable
Birds,ANIMALIA,CHORDATA,AVES,PASSERIFORMES,PASSERIDAE,Petronia,xanthocollis,No,LC,Stable
Birds,ANIMALIA,CHORDATA,AVES,PASSERIFORMES,PRUNELLIDAE,Prunella,atrogularis,No,LC,Stable
Birds,ANIMALIA,CHORDATA,AVES,PASSERIFORMES,PRUNELLIDAE,Prunella,collaris,No,LC,Unknown
Birds,ANIMALIA,CHORDATA,AVES,PASSERIFORMES,PRUNELLIDAE,Prunella,modularis,No,LC,Stable
Birds,ANIMALIA,CHORDATA,AVES,PASSERIFORMES,PRUNELLIDAE,Prunella,montanella,No,NT,Unknown
Birds,ANIMALIA,CHORDATA,AVES,PASSERIFORMES,PRUNELLIDAE,Prunella,ocularis,No,LC,Stable
Birds,ANIMALIA,CHORDATA,AVES,PASSERIFORMES,PYCNONOTIDAE,Pycnonotus,xanthopygos,No,LC,Increasing
Birds,ANIMALIA,CHORDATA,AVES,PASSERIFORMES,REGULIIDAE,Regulus,ignicapilla,No,LC,Stable
Birds,ANIMALIA,CHORDATA,AVES,PASSERIFORMES,REGULIIDAE,Regulus,madeirensis,Yes,LC,Increasing
Birds,ANIMALIA,CHORDATA,AVES,PASSERIFORMES,REGULIIDAE,Regulus,regulus,No,LC,Decreasing
Birds,ANIMALIA,CHORDATA,AVES,PASSERIFORMES,REMIZIDAE,Remiz,pendulinus,No,LC,Unknown
Birds,ANIMALIA,CHORDATA,AVES,PASSERIFORMES,SITTIDAE,Sitta,europaea,No,LC,Increasing
Birds,ANIMALIA,CHORDATA,AVES,PASSERIFORMES,SITTIDAE,Sitta,krueperi,Yes,LC,Decreasing
Birds,ANIMALIA,CHORDATA,AVES,PASSERIFORMES,SITTIDAE,Sitta,neumayer,No,LC,Stable
Birds,ANIMALIA,CHORDATA,AVES,PASSERIFORMES,SITTIDAE,Sitta,tephronota,No,LC,Stable
Birds,ANIMALIA,CHORDATA,AVES,PASSERIFORMES,SITTIDAE,Sitta,whiteheadi,Yes,VU,Decreasing
Birds,ANIMALIA,CHORDATA,AVES,PASSERIFORMES,SITTIDAE,Tichodroma,muraria,No,LC,Unknown
Birds,ANIMALIA,CHORDATA,AVES,PASSERIFORMES,STURNIDAE,Sturnus,roseus,No,LC,Stable
Birds,ANIMALIA,CHORDATA,AVES,PASSERIFORMES,STURNIDAE,Sturnus,unicolor,No,LC,Increasing
Birds,ANIMALIA,CHORDATA,AVES,PASSERIFORMES,STURNIDAE,Sturnus,vulgaris,No,LC,Decreasing
Birds,ANIMALIA,CHORDATA,AVES,PASSERIFORMES,SYLVIIDAE,Acrocephalus,agricola,No,LC,Increasing
Birds,ANIMALIA,CHORDATA,AVES,PASSERIFORMES,SYLVIIDAE,Acrocephalus,arundinaceus,No,LC,Unknown
Birds,ANIMALIA,CHORDATA,AVES,PASSERIFORMES,SYLVIIDAE,Acrocephalus,dumetorum,No,LC,Increasing
Birds,ANIMALIA,CHORDATA,AVES,PASSERIFORMES,SYLVIIDAE,Acrocephalus,melanopogon,No,LC,Unknown
Birds,ANIMALIA,CHORDATA,AVES,PASSERIFORMES,SYLVIIDAE,Acrocephalus,paludicola,No,VU,Decreasing
Birds,ANIMALIA,CHORDATA,AVES,PASSERIFORMES,SYLVIIDAE,Acrocephalus,palustris,No,LC,Unknown
Birds,ANIMALIA,CHORDATA,AVES,PASSERIFORMES,SYLVIIDAE,Acrocephalus,schoenobaenus,No,LC,Stable
Birds,ANIMALIA,CHORDATA,AVES,PASSERIFORMES,SYLVIIDAE,Acrocephalus,scirpaceus,No,LC,Stable
Birds,ANIMALIA,CHORDATA,AVES,PASSERIFORMES,SYLVIIDAE,Cettia,cetti,No,LC,Stable
Birds,ANIMALIA,CHORDATA,AVES,PASSERIFORMES,SYLVIIDAE,Hippolais,caligata,No,LC,Increasing
Birds,ANIMALIA,CHORDATA,AVES,PASSERIFORMES,SYLVIIDAE,Hippolais,icterina,No,LC,Increasing
Birds,ANIMALIA,CHORDATA,AVES,PASSERIFORMES,SYLVIIDAE,Hippolais,languida,No,LC,Stable
Birds,ANIMALIA,CHORDATA,AVES,PASSERIFORMES,SYLVIIDAE,Hippolais,olivetorum,No,LC,Stable
Birds,ANIMALIA,CHORDATA,AVES,PASSERIFORMES,SYLVIIDAE,Hippolais,opaca,No,LC,Decreasing
Birds,ANIMALIA,CHORDATA,AVES,PASSERIFORMES,SYLVIIDAE,Hippolais,pallida,No,LC,Stable
Birds,ANIMALIA,CHORDATA,AVES,PASSERIFORMES,SYLVIIDAE,Hippolais,polyglotta,No,LC,Increasing
Birds,ANIMALIA,CHORDATA,AVES,PASSERIFORMES,SYLVIIDAE,Hippolais,rama,No,LC,Increasing
Birds,ANIMALIA,CHORDATA,AVES,PASSERIFORMES,SYLVIIDAE,Locustella,fluviatilis,No,LC,Increasing
Birds,ANIMALIA,CHORDATA,AVES,PASSERIFORMES,SYLVIIDAE,Locustella,lanceolata,No,LC,Unknown
Birds,ANIMALIA,CHORDATA,AVES,PASSERIFORMES,SYLVIIDAE,Locustella,luscinioides,No,LC,Unknown
Birds,ANIMALIA,CHORDATA,AVES,PASSERIFORMES,SYLVIIDAE,Locustella,naevia,No,LC,Increasing
Birds,ANIMALIA,CHORDATA,AVES,PASSERIFORMES,SYLVIIDAE,Phylloscopus,bonelli,No,LC,Increasing
Birds,ANIMALIA,CHORDATA,AVES,PASSERIFORMES,SYLVIIDAE,Phylloscopus,borealis,No,LC,Increasing
Birds,ANIMALIA,CHORDATA,AVES,PASSERIFORMES,SYLVIIDAE,Phylloscopus,canariensis,Yes,LC,Increasing
Birds,ANIMALIA,CHORDATA,AVES,PASSERIFORMES,SYLVIIDAE,Phylloscopus,collybita,No,LC,Stable
Birds,ANIMALIA,CHORDATA,AVES,PASSERIFORMES,SYLVIIDAE,Phylloscopus,ibericus,No,LC,Increasing
Birds,ANIMALIA,CHORDATA,AVES,PASSERIFORMES,SYLVIIDAE,Phylloscopus,inornatus,No,LC,Unknown
Birds,ANIMALIA,CHORDATA,AVES,PASSERIFORMES,SYLVIIDAE,Phylloscopus,sibilatrix,No,LC,Stable
Birds,ANIMALIA,CHORDATA,AVES,PASSERIFORMES,SYLVIIDAE,Phylloscopus,sindianus,No,LC,Unknown
Birds,ANIMALIA,CHORDATA,AVES,PASSERIFORMES,SYLVIIDAE,Phylloscopus,trochiloides,No,LC,Stable
Birds,ANIMALIA,CHORDATA,AVES,PASSERIFORMES,SYLVIIDAE,Phylloscopus,trochilus,No,LC,Decreasing
Birds,ANIMALIA,CHORDATA,AVES,PASSERIFORMES,SYLVIIDAE,Sylvia,atricapilla,No,LC,Increasing
Birds,ANIMALIA,CHORDATA,AVES,PASSERIFORMES,SYLVIIDAE,Sylvia,borin,No,LC,Unknown
Birds,ANIMALIA,CHORDATA,AVES,PASSERIFORMES,SYLVIIDAE,Sylvia,cantillans,No,LC,Increasing
Birds,ANIMALIA,CHORDATA,AVES,PASSERIFORMES,SYLVIIDAE,Sylvia,communis,No,LC,Stable
Birds,ANIMALIA,CHORDATA,AVES,PASSERIFORMES,SYLVIIDAE,Sylvia,conspicillata,No,LC,Unknown
Birds,ANIMALIA,CHORDATA,AVES,PASSERIFORMES,SYLVIIDAE,Sylvia,curruca,No,LC,Stable
Birds,ANIMALIA,CHORDATA,AVES,PASSERIFORMES,SYLVIIDAE,Sylvia,hortensis,No,LC,Unknown
Birds,ANIMALIA,CHORDATA,AVES,PASSERIFORMES,SYLVIIDAE,Sylvia,melanocephala,No,LC,Stable
Birds,ANIMALIA,CHORDATA,AVES,PASSERIFORMES,SYLVIIDAE,Sylvia,melanothorax,Yes,LC,Decreasing
Birds,ANIMALIA,CHORDATA,AVES,PASSERIFORMES,SYLVIIDAE,Sylvia,mystacea,No,LC,Unknown
Birds,ANIMALIA,CHORDATA,AVES,PASSERIFORMES,SYLVIIDAE,Sylvia,nana,No,RE,Stable
Birds,ANIMALIA,CHORDATA,AVES,PASSERIFORMES,SYLVIIDAE,Sylvia,nisoria,No,LC,Unknown
Birds,ANIMALIA,CHORDATA,AVES,PASSERIFORMES,SYLVIIDAE,Sylvia,rueppelli,No,LC,Decreasing
Birds,ANIMALIA,CHORDATA,AVES,PASSERIFORMES,SYLVIIDAE,Sylvia,sarda,Yes,LC,Unknown
Birds,ANIMALIA,CHORDATA,AVES,PASSERIFORMES,SYLVIIDAE,Sylvia,undata,No,NT,Decreasing
Birds,ANIMALIA,CHORDATA,AVES,PASSERIFORMES,TIMALIIDAE,Panurus,biarmicus,No,LC,Unknown
Birds,ANIMALIA,CHORDATA,AVES,PASSERIFORMES,TIMALIIDAE,Turdoides,altirostris,No,NT,Increasing
Birds,ANIMALIA,CHORDATA,AVES,PASSERIFORMES,TROGLODYTIDAE,Troglodytes,troglodytes,No,LC,Stable
Birds,ANIMALIA,CHORDATA,AVES,PASSERIFORMES,TURDIDAE,Turdus,iliacus,No,NT,Decreasing
Birds,ANIMALIA,CHORDATA,AVES,PASSERIFORMES,TURDIDAE,Turdus,merula,No,LC,Increasing
Birds,ANIMALIA,CHORDATA,AVES,PASSERIFORMES,TURDIDAE,Turdus,philomelos,No,LC,Increasing
Birds,ANIMALIA,CHORDATA,AVES,PASSERIFORMES,TURDIDAE,Turdus,pilaris,No,LC,Decreasing
Birds,ANIMALIA,CHORDATA,AVES,PASSERIFORMES,TURDIDAE,Turdus,ruficollis,No,LC,Stable
Birds,ANIMALIA,CHORDATA,AVES,PASSERIFORMES,TURDIDAE,Turdus,torquatus,No,LC,Unknown
Birds,ANIMALIA,CHORDATA,AVES,PASSERIFORMES,TURDIDAE,Turdus,viscivorus,No,LC,Stable
Birds,ANIMALIA,CHORDATA,AVES,PASSERIFORMES,TURDIDAE,Zoothera,dauma,No,LC,Increasing
Birds,ANIMALIA,CHORDATA,AVES,PELECANIFORMES,ARDEIDAE,Ardea,alba,No,LC,Increasing
Birds,ANIMALIA,CHORDATA,AVES,PELECANIFORMES,ARDEIDAE,Ardea,cinerea,No,LC,Decreasing
Birds,ANIMALIA,CHORDATA,AVES,PELECANIFORMES,ARDEIDAE,Ardea,purpurea,No,LC,Decreasing
Birds,ANIMALIA,CHORDATA,AVES,PELECANIFORMES,ARDEIDAE,Ardeola,ralloides,No,LC,Stable
Birds,ANIMALIA,CHORDATA,AVES,PELECANIFORMES,ARDEIDAE,Botaurus,stellaris,No,LC,Stable
Birds,ANIMALIA,CHORDATA,AVES,PELECANIFORMES,ARDEIDAE,Bubulcus,ibis,No,LC,Decreasing
Birds,ANIMALIA,CHORDATA,AVES,PELECANIFORMES,ARDEIDAE,Egretta,garzetta,No,LC,Decreasing
Birds,ANIMALIA,CHORDATA,AVES,PELECANIFORMES,ARDEIDAE,Ixobrychus,minutus,No,LC,Stable
Birds,ANIMALIA,CHORDATA,AVES,PELECANIFORMES,ARDEIDAE,Nycticorax,nycticorax,No,LC,Decreasing
Birds,ANIMALIA,CHORDATA,AVES,PELECANIFORMES,PELECANIDAE,Pelecanus,crispus,No,LC,Increasing
Birds,ANIMALIA,CHORDATA,AVES,PELECANIFORMES,PELECANIDAE,Pelecanus,onocrotalus,No,LC,Increasing
Birds,ANIMALIA,CHORDATA,AVES,PELECANIFORMES,THRESKIORNITHIDAE,Geronticus,eremita,No,RE,Decreasing
Birds,ANIMALIA,CHORDATA,AVES,PELECANIFORMES,THRESKIORNITHIDAE,Platalea,leucorodia,No,LC,Increasing
Birds,ANIMALIA,CHORDATA,AVES,PELECANIFORMES,THRESKIORNITHIDAE,Plegadis,falcinellus,No,LC,Increasing
Birds,ANIMALIA,CHORDATA,AVES,PHOENICOPTERIFORMES,PHOENICOPTERIDAE,Phoenicopterus,roseus,No,LC,Increasing
Birds,ANIMALIA,CHORDATA,AVES,PICIFORMES,PICIDAE,Dendrocopos,leucotos,No,LC,Stable
Birds,ANIMALIA,CHORDATA,AVES,PICIFORMES,PICIDAE,Dendrocopos,major,No,LC,Increasing
Birds,ANIMALIA,CHORDATA,AVES,PICIFORMES,PICIDAE,Dendrocopos,syriacus,No,LC,Stable
Birds,ANIMALIA,CHORDATA,AVES,PICIFORMES,PICIDAE,Dryobates,minor,No,LC,Stable
Birds,ANIMALIA,CHORDATA,AVES,PICIFORMES,PICIDAE,Dryocopus,martius,No,LC,Stable
Birds,ANIMALIA,CHORDATA,AVES,PICIFORMES,PICIDAE,Jynx,torquilla,No,LC,Increasing
Birds,ANIMALIA,CHORDATA,AVES,PICIFORMES,PICIDAE,Leiopicus,medius,No,LC,Increasing
Birds,ANIMALIA,CHORDATA,AVES,PICIFORMES,PICIDAE,Picoides,tridactylus,No,LC,Unknown
Birds,ANIMALIA,CHORDATA,AVES,PICIFORMES,PICIDAE,Picus,canus,No,LC,Stable
Birds,ANIMALIA,CHORDATA,AVES,PICIFORMES,PICIDAE,Picus,sharpei,Yes,NT,Decreasing
Birds,ANIMALIA,CHORDATA,AVES,PICIFORMES,PICIDAE,Picus,viridis,No,LC,Increasing
Birds,ANIMALIA,CHORDATA,AVES,PODICIPEDIFORMES,PODICIPEDIDAE,Podiceps,auritus,No,NT,Decreasing
Birds,ANIMALIA,CHORDATA,AVES,PODICIPEDIFORMES,PODICIPEDIDAE,Podiceps,cristatus,No,LC,Decreasing
Birds,ANIMALIA,CHORDATA,AVES,PODICIPEDIFORMES,PODICIPEDIDAE,Podiceps,grisegena,No,LC,Increasing
Birds,ANIMALIA,CHORDATA,AVES,PODICIPEDIFORMES,PODICIPEDIDAE,Podiceps,nigricollis,No,LC,Unknown
Birds,ANIMALIA,CHORDATA,AVES,PODICIPEDIFORMES,PODICIPEDIDAE,Tachybaptus,ruficollis,No,LC,Unknown
Birds,ANIMALIA,CHORDATA,AVES,PROCELLARIIFORMES,HYDROBATIDAE,Hydrobates,castro,No,LC,Unknown
Birds,ANIMALIA,CHORDATA,AVES,PROCELLARIIFORMES,HYDROBATIDAE,Hydrobates,leucorhous,No,LC,Unknown
Birds,ANIMALIA,CHORDATA,AVES,PROCELLARIIFORMES,HYDROBATIDAE,Hydrobates,monteiroi,Yes,VU,Increasing
Birds,ANIMALIA,CHORDATA,AVES,PROCELLARIIFORMES,HYDROBATIDAE,Hydrobates,pelagicus,No,LC,Unknown
Birds,ANIMALIA,CHORDATA,AVES,PROCELLARIIFORMES,OCEANITIDAE,Pelagodroma,marina,No,EN,Decreasing
Birds,ANIMALIA,CHORDATA,AVES,PROCELLARIIFORMES,PROCELLARIIDAE,Bulweria,bulwerii,No,LC,Unknown
Birds,ANIMALIA,CHORDATA,AVES,PROCELLARIIFORMES,PROCELLARIIDAE,Calonectris,borealis,Yes,LC,Unknown
Birds,ANIMALIA,CHORDATA,AVES,PROCELLARIIFORMES,PROCELLARIIDAE,Calonectris,diomedea,No,LC,Decreasing
Birds,ANIMALIA,CHORDATA,AVES,PROCELLARIIFORMES,PROCELLARIIDAE,Fulmarus,glacialis,No,EN,Decreasing
Birds,ANIMALIA,CHORDATA,AVES,PROCELLARIIFORMES,PROCELLARIIDAE,Pterodroma,deserta,Yes,VU,Stable
Birds,ANIMALIA,CHORDATA,AVES,PROCELLARIIFORMES,PROCELLARIIDAE,Pterodroma,madeira,Yes,EN,Increasing
Birds,ANIMALIA,CHORDATA,AVES,PROCELLARIIFORMES,PROCELLARIIDAE,Puffinus,lherminieri,No,NT,Decreasing
Birds,ANIMALIA,CHORDATA,AVES,PROCELLARIIFORMES,PROCELLARIIDAE,Puffinus,mauretanicus,Yes,CR,Decreasing
Birds,ANIMALIA,CHORDATA,AVES,PROCELLARIIFORMES,PROCELLARIIDAE,Puffinus,puffinus,No,LC,Unknown
Birds,ANIMALIA,CHORDATA,AVES,PROCELLARIIFORMES,PROCELLARIIDAE,Puffinus,yelkouan,No,LC,Increasing
Birds,ANIMALIA,CHORDATA,AVES,PTEROCLIFORMES,PTEROCLIDAE,Pterocles,alchata,No,LC,Increasing
Birds,ANIMALIA,CHORDATA,AVES,PTEROCLIFORMES,PTEROCLIDAE,Pterocles,orientalis,No,EN,Decreasing
Birds,ANIMALIA,CHORDATA,AVES,PTEROCLIFORMES,PTEROCLIDAE,Syrrhaptes,paradoxus,No,EN,Unknown
Birds,ANIMALIA,CHORDATA,AVES,STRIGIFORMES,STRIGIDAE,Aegolius,funereus,No,LC,Stable
Birds,ANIMALIA,CHORDATA,AVES,STRIGIFORMES,STRIGIDAE,Asio,flammeus,No,LC,Stable
Birds,ANIMALIA,CHORDATA,AVES,STRIGIFORMES,STRIGIDAE,Asio,otus,No,LC,Unknown
Birds,ANIMALIA,CHORDATA,AVES,STRIGIFORMES,STRIGIDAE,Athene,noctua,No,LC,Stable
Birds,ANIMALIA,CHORDATA,AVES,STRIGIFORMES,STRIGIDAE,Bubo,bubo,No,LC,Increasing
Birds,ANIMALIA,CHORDATA,AVES,STRIGIFORMES,STRIGIDAE,Bubo,scandiacus,No,LC,Stable
Birds,ANIMALIA,CHORDATA,AVES,STRIGIFORMES,STRIGIDAE,Glaucidium,passerinum,No,LC,Stable
Birds,ANIMALIA,CHORDATA,AVES,STRIGIFORMES,STRIGIDAE,Ketupa,zeylonensis,No,CR,Decreasing
Birds,ANIMALIA,CHORDATA,AVES,STRIGIFORMES,STRIGIDAE,Otus,brucei,No,EN,Decreasing
Birds,ANIMALIA,CHORDATA,AVES,STRIGIFORMES,STRIGIDAE,Otus,scops,No,LC,Unknown
Birds,ANIMALIA,CHORDATA,AVES,STRIGIFORMES,STRIGIDAE,Strix,aluco,No,LC,Unknown
Birds,ANIMALIA,CHORDATA,AVES,STRIGIFORMES,STRIGIDAE,Strix,nebulosa,No,LC,Increasing
Birds,ANIMALIA,CHORDATA,AVES,STRIGIFORMES,STRIGIDAE,Strix,uralensis,No,LC,Increasing
Birds,ANIMALIA,CHORDATA,AVES,STRIGIFORMES,STRIGIDAE,Surnia,ulula,No,LC,Unknown
Birds,ANIMALIA,CHORDATA,AVES,STRIGIFORMES,TYTONIDAE,Tyto,alba,No,LC,Stable
Birds,ANIMALIA,CHORDATA,AVES,SULIFORMES,ANHINGIDAE,Anhinga,rufa,No,RE,Decreasing
Birds,ANIMALIA,CHORDATA,AVES,SULIFORMES,PHALACROCORACIDAE,Microcarbo,pygmaeus,No,LC,Increasing
Birds,ANIMALIA,CHORDATA,AVES,SULIFORMES,PHALACROCORACIDAE,Phalacrocorax,aristotelis,No,LC,Decreasing
Birds,ANIMALIA,CHORDATA,AVES,SULIFORMES,PHALACROCORACIDAE,Phalacrocorax,carbo,No,LC,Increasing
Birds,ANIMALIA,CHORDATA,AVES,SULIFORMES,SULIDAE,Morus,bassanus,No,LC,Increasing
